caseyear,state,st_case,statename,ve_total,ve_forms,pvh_invl,peds,pernotmvit,permvit,persons,county,countyname,city,cityname,day,dayname,month,monthname,year,day_week,day_weekname,hour,hourname,minute,minutename,nhs,nhsname,rur_urb,rur_urbname,func_sys,func_sysname,rd_owner,rd_ownername,route,routename,tway_id,tway_id2,milept,mileptname,latitude,latitudename,longitud,longitudname,sp_jur,sp_jurname,harm_ev,harm_evname,man_coll,man_collname,reljct1,reljct1name,reljct2,reljct2name,typ_int,typ_intname,wrk_zone,wrk_zonename,road_fnc,road_fncname,rel_road,rel_roadname,lgt_cond,lgt_condname,weather1,weather1name,weather2,weather2name,weather,weathername,sch_bus,sch_busname,rail,railname,not_hour,not_hourname,not_min,not_minname,arr_hour,arr_hourname,arr_min,arr_minname,hosp_hr,hosp_hrname,hosp_mn,hosp_mnname,cf1,cf1name,cf2,cf2name,cf3,cf3name,fatals,drunk_dr
2019,2,20066,Alaska,2,2,0,0,0,6,6,170,MATANUSKA-SUSITNA (170),2790,WASILLA,31,31,12,December,2019,3,Tuesday,23,11:00pm-11:59pm,9,9,1,This section IS ON the NHS,2,Urban,3,Principal Arterial - Other,1,State Highway Agency,6,Local Street - Municipality,S KNIK GOOSE BAY RD,,18,18,61.56163889,61.56163889,-149.466544400,-149.46654444,0,No Special Jurisdiction,12,Motor Vehicle In-Transport,6,Angle,0,No,1,Non-Junction,1,Not an Intersection,0,None,,,1,On Roadway,2,Dark - Not Lighted,4,Snow,11,Blowing Snow,4,Snow,0,No,0000000,Not Applicable,23,11:00pm-11:59pm,14,14,23,11:00pm-11:59pm,24,24,23,11:00pm-11:59pm,57,57,0,None,0,None,0,None,1,1
2019,2,20067,Alaska,1,1,0,0,0,2,2,261,VALDEZ-CORDOVA (261),0,NOT APPLICABLE,12,12,7,July,2019,6,Friday,20,8:00pm-8:59pm,9,9,1,This section IS ON the NHS,1,Rural,1,Interstate,1,State Highway Agency,3,State Highway,SR-1 RICHARDSON HWY,,1311,1311,62.28207500,62.28207500,-145.362177800,-145.36217778,0,No Special Jurisdiction,1,Rollover/Overturn,0,The First Harmful Event was Not a Collision with a Motor Vehicle in Transport,0,No,1,Non-Junction,1,Not an Intersection,0,None,,,4,On Roadside,5,Dusk,2,Rain,10,Cloudy,2,Rain,0,No,0000000,Not Applicable,20,8:00pm-8:59pm,11,11,20,8:00pm-8:59pm,26,26,20,8:00pm-8:59pm,45,45,0,None,0,None,0,None,1,0
2020,2,20001,Alaska,2,2,0,0,0,2,2,170,MATANUSKA-SUSITNA (170),2000,PALMER,13,13,1,January,2020,2,Monday,18,6:00pm-6:59pm,25,25,0,This section IS NOT on the NHS,2,Urban,4,Minor Arterial,1,State Highway Agency,8,Other,PALMER-FISHHOOK RD,,18,18,62.02305556,62.02305556,-149.283330560,-149.283330560,0,No Special Jurisdiction,12,Motor Vehicle In-Transport,6,Angle,0,No,1,Non-Junction,1,Not an Intersection,0,None,,,1,On Roadway,2,Dark - Not Lighted,,,,,12,Freezing Rain or Drizzle,0,No,0000000,Not Applicable,18,6:00pm-6:59pm,30,30,18,6:00pm-6:59pm,42,42,19,7:00pm-7:59pm,0,0,,,,,,,1,0
2020,2,20002,Alaska,1,1,0,1,1,1,1,20,ANCHORAGE (20),130,ANCHORAGE,22,22,1,January,2020,4,Wednesday,17,5:00pm-5:59pm,30,30,1,This section IS ON the NHS,2,Urban,3,Principal Arterial - Other,1,State Highway Agency,8,Other,OLD SEWARD HWY,,46,46,61.14358889,61.14358889,-149.864341670,-149.864341670,0,No Special Jurisdiction,8,Pedestrian,0,The First Harmful Event was Not a Collision with a Motor Vehicle in Transport,0,No,4,Driveway Access,1,Not an Intersection,0,None,,,1,On Roadway,3,Dark - Lighted,,,,,4,Snow,0,No,0000000,Not Applicable,17,5:00pm-5:59pm,31,31,17,5:00pm-5:59pm,34,34,17,5:00pm-5:59pm,54,54,,,,,,,1,0
2020,2,20003,Alaska,2,2,0,0,0,3,3,170,MATANUSKA-SUSITNA (170),2823,WILLOW,25,25,1,January,2020,7,Saturday,14,2:00pm-2:59pm,31,31,1,This section IS ON the NHS,1,Rural,1,Interstate,1,State Highway Agency,3,State Highway,SR-3 PARKS HWY,,611,611,61.65352778,61.65352778,-149.903377780,-149.903377780,0,No Special Jurisdiction,12,Motor Vehicle In-Transport,1,Front-to-Rear,0,No,1,Non-Junction,1,Not an Intersection,0,None,,,1,On Roadway,1,Daylight,,,,,10,Cloudy,0,No,0000000,Not Applicable,14,2:00pm-2:59pm,34,34,14,2:00pm-2:59pm,44,44,88,"Not Applicable (Not Transported) ",88,Not Applicable (Not Transported),,,,,,,2,0
2020,2,20004,Alaska,2,2,0,0,0,4,4,170,MATANUSKA-SUSITNA (170),2000,PALMER,3,3,2,February,2020,2,Monday,10,10:00am-10:59am,7,7,1,This section IS ON the NHS,2,Urban,3,Principal Arterial - Other,1,State Highway Agency,8,Other,PALMER WASILLA HWY,49TH STATE ST,28,28,61.59923611,61.59923611,-149.208688890,-149.208688890,0,No Special Jurisdiction,12,Motor Vehicle In-Transport,6,Angle,0,No,2,Intersection,2,Four-Way Intersection,0,None,,,1,On Roadway,1,Daylight,,,,,1,Clear,0,No,0000000,Not Applicable,10,10:00am-10:59am,10,10,10,10:00am-10:59am,15,15,10,10:00am-10:59am,46,46,,,,,,,1,0
2020,2,20005,Alaska,2,2,0,0,0,5,5,170,MATANUSKA-SUSITNA (170),567,DENALI,7,7,2,February,2020,6,Friday,15,3:00pm-3:59pm,31,31,1,This section IS ON the NHS,1,Rural,1,Interstate,1,State Highway Agency,3,State Highway,SR-3 PARKS HWY,,1258,1258,62.87699167,62.87699167,-149.832802780,-149.832802780,0,No Special Jurisdiction,12,Motor Vehicle In-Transport,2,Front-to-Front,0,No,1,Non-Junction,1,Not an Intersection,0,None,,,1,On Roadway,1,Daylight,,,,,4,Snow,0,No,0000000,Not Applicable,18,6:00pm-6:59pm,5,5,18,6:00pm-6:59pm,42,42,19,7:00pm-7:59pm,49,49,,,,,,,1,0
2020,2,20006,Alaska,1,1,0,1,1,1,1,20,ANCHORAGE (20),130,ANCHORAGE,9,9,2,February,2020,1,Sunday,2,2:00am-2:59am,11,11,1,This section IS ON the NHS,2,Urban,1,Interstate,1,State Highway Agency,3,State Highway,SR-1 GLENN HWY,,41,41,77.77770000,77.77770000,777.777700000,777.777700000,0,No Special Jurisdiction,8,Pedestrian,0,The First Harmful Event was Not a Collision with a Motor Vehicle in Transport,0,No,1,Non-Junction,1,Not an Intersection,0,None,,,1,On Roadway,3,Dark - Lighted,,,,,12,Freezing Rain or Drizzle,0,No,0000000,Not Applicable,2,2:00am-2:59am,16,16,2,2:00am-2:59am,24,24,88,"Not Applicable (Not Transported) ",88,Not Applicable (Not Transported),,,,,,,1,0
2020,2,20007,Alaska,1,1,0,1,1,1,1,90,FAIRBANKS NORTH STAR (90),770,FAIRBANKS,12,12,2,February,2020,4,Wednesday,0,0:00am-0:59am,15,15,0,This section IS NOT on the NHS,2,Urban,5,Major Collector,4,City or Municipal Highway Agency,6,Local Street - Municipality,AURORA DR,,6,6,64.85508889,64.85508889,-147.761811110,-147.761811110,0,No Special Jurisdiction,8,Pedestrian,0,The First Harmful Event was Not a Collision with a Motor Vehicle in Transport,0,No,1,Non-Junction,1,Not an Intersection,0,None,,,1,On Roadway,3,Dark - Lighted,,,,,1,Clear,0,No,0000000,Not Applicable,0,0:00am-0:59am,22,22,0,0:00am-0:59am,28,28,88,"Not Applicable (Not Transported) ",88,Not Applicable (Not Transported),,,,,,,1,0
2020,2,20008,Alaska,3,3,0,0,0,4,4,122,KENAI PENINSULA (122),2407,SOLDOTNA,21,21,2,February,2020,6,Friday,12,12:00pm-12:59pm,7,7,1,This section IS ON the NHS,1,Rural,1,Interstate,1,State Highway Agency,3,State Highway,SR-1 STERLING HWY,,532,532,60.50408889,60.50408889,-150.956016670,-150.956016670,0,No Special Jurisdiction,12,Motor Vehicle In-Transport,2,Front-to-Front,0,No,1,Non-Junction,1,Not an Intersection,0,None,,,1,On Roadway,1,Daylight,,,,,4,Snow,0,No,0000000,Not Applicable,12,12:00pm-12:59pm,7,7,12,12:00pm-12:59pm,10,10,88,"Not Applicable (Not Transported) ",88,Not Applicable (Not Transported),,,,,,,2,0
2020,2,20009,Alaska,2,2,0,0,0,5,5,20,ANCHORAGE (20),9997,Other,2,2,3,March,2020,2,Monday,10,10:00am-10:59am,40,40,1,This section IS ON the NHS,1,Rural,1,Interstate,1,State Highway Agency,3,State Highway,SR-1 SEWARD HWY,,998,998,60.96900278,60.96900278,-149.448602780,-149.448602780,0,No Special Jurisdiction,12,Motor Vehicle In-Transport,6,Angle,0,No,1,Non-Junction,1,Not an Intersection,0,None,,,2,On Shoulder,1,Daylight,,,,,4,Snow,0,No,0000000,Not Applicable,10,10:00am-10:59am,39,39,10,10:00am-10:59am,53,53,11,11:00am-11:59am,35,35,,,,,,,2,0
2020,2,20010,Alaska,1,1,0,1,1,1,1,170,MATANUSKA-SUSITNA (170),2000,PALMER,17,17,3,March,2020,3,Tuesday,4,4:00am-4:59am,46,46,1,This section IS ON the NHS,2,Urban,1,Interstate,1,State Highway Agency,3,State Highway,SR-1 GLENN HWY,E REBARCHEK AVE,386,386,61.57771389,61.57771389,-149.140350000,-149.140350000,0,No Special Jurisdiction,8,Pedestrian,0,The First Harmful Event was Not a Collision with a Motor Vehicle in Transport,0,No,3,Intersection-Related,3,T-Intersection,0,None,,,1,On Roadway,2,Dark - Not Lighted,,,,,4,Snow,0,No,0000000,Not Applicable,4,4:00am-4:59am,49,49,4,4:00am-4:59am,54,54,88,"Not Applicable (Not Transported) ",88,Not Applicable (Not Transported),,,,,,,1,0
2020,2,20011,Alaska,3,3,0,0,0,3,3,122,KENAI PENINSULA (122),1620,MOOSE PASS,3,3,5,May,2020,1,Sunday,19,7:00pm-7:59pm,11,11,1,This section IS ON the NHS,1,Rural,1,Interstate,1,State Highway Agency,3,State Highway,SR-1 SEWARD HWY,,445,445,60.63095000,60.63095000,-149.514341670,-149.514341670,0,No Special Jurisdiction,12,Motor Vehicle In-Transport,6,Angle,0,No,1,Non-Junction,1,Not an Intersection,0,None,,,1,On Roadway,1,Daylight,,,,,2,Rain,0,No,0000000,Not Applicable,19,7:00pm-7:59pm,17,17,19,7:00pm-7:59pm,30,30,99,Unknown,99,Unknown EMS Hospital Arrival Time,,,,,,,1,0
2020,2,20012,Alaska,1,1,0,0,0,1,1,20,ANCHORAGE (20),130,ANCHORAGE,10,10,5,May,2020,1,Sunday,3,3:00am-3:59am,25,25,1,This section IS ON the NHS,2,Urban,3,Principal Arterial - Other,2,County Highway Agency,8,Other,NORTHERN LIGHTS BLVD,,5,5,61.19530833,61.19530833,-149.750113890,-149.750113890,0,No Special Jurisdiction,30,Utility Pole/Light Support,0,The First Harmful Event was Not a Collision with a Motor Vehicle in Transport,0,No,1,Non-Junction,1,Not an Intersection,0,None,,,4,On Roadside,3,Dark - Lighted,,,,,1,Clear,0,No,0000000,Not Applicable,3,3:00am-3:59am,26,26,3,3:00am-3:59am,33,33,88,"Not Applicable (Not Transported) ",88,Not Applicable (Not Transported),,,,,,,1,1
2020,2,20013,Alaska,1,1,0,0,0,3,3,270,WADE HAMPTON (270),1664,MOUNTAIN VILLAGE,27,27,5,May,2020,4,Wednesday,99,Unknown Hours,99,Unknown Minutes,0,This section IS NOT on the NHS,1,Rural,6,Minor Collector,1,State Highway Agency,8,Other,MOUNTAIN VILLAGE RD,,47,47,62.10096944,62.10096944,-163.604944440,-163.604944440,0,No Special Jurisdiction,1,Rollover/Overturn,0,The First Harmful Event was Not a Collision with a Motor Vehicle in Transport,0,No,1,Non-Junction,1,Not an Intersection,0,None,,,5,Outside Trafficway,4,Dawn,,,,,1,Clear,0,No,0000000,Not Applicable,6,6:00am-6:59am,19,19,99,Unknown EMS Scene Arrival Hour,99,Unknown EMS Scene Arrival Minutes,99,Unknown,99,Unknown EMS Hospital Arrival Time,,,,,,,1,1
2020,2,20014,Alaska,1,1,0,0,0,1,1,122,KENAI PENINSULA (122),1815,PORT NIKISKI,1,1,6,June,2020,2,Monday,19,7:00pm-7:59pm,56,56,0,This section IS NOT on the NHS,1,Rural,7,Local,2,County Highway Agency,8,Other,OLD HALBOUTY RD,,5,5,60.73772222,60.73772222,-151.220736110,-151.220736110,0,No Special Jurisdiction,42,Tree (Standing Only),0,The First Harmful Event was Not a Collision with a Motor Vehicle in Transport,0,No,1,Non-Junction,1,Not an Intersection,0,None,,,4,On Roadside,1,Daylight,,,,,1,Clear,0,No,0000000,Not Applicable,19,7:00pm-7:59pm,59,59,20,8:00pm-8:59pm,10,10,21,9:00pm-9:59pm,30,30,,,,,,,1,0
2020,2,20015,Alaska,3,3,0,0,0,7,7,90,FAIRBANKS NORTH STAR (90),9999,Unknown,4,4,6,June,2020,5,Thursday,21,9:00pm-9:59pm,40,40,0,This section IS NOT on the NHS,1,Rural,4,Minor Arterial,1,State Highway Agency,8,Other,FARMERS LOOP RD,,53,53,64.88552500,64.88552500,-147.777538890,-147.777538890,0,No Special Jurisdiction,12,Motor Vehicle In-Transport,2,Front-to-Front,0,No,1,Non-Junction,1,Not an Intersection,0,None,,,1,On Roadway,1,Daylight,,,,,1,Clear,0,No,0000000,Not Applicable,21,9:00pm-9:59pm,44,44,21,9:00pm-9:59pm,47,47,22,10:00pm-10:59pm,43,43,,,,,,,1,0
2020,2,20016,Alaska,1,1,0,0,0,1,1,20,ANCHORAGE (20),130,ANCHORAGE,6,6,6,June,2020,7,Saturday,8,8:00am-8:59am,10,10,1,This section IS ON the NHS,2,Urban,3,Principal Arterial - Other,1,State Highway Agency,8,Other,INTERNATIONAL AIRPORT RD,,19,19,61.17288056,61.17288056,-149.913477780,-149.913477780,0,No Special Jurisdiction,30,Utility Pole/Light Support,0,The First Harmful Event was Not a Collision with a Motor Vehicle in Transport,1,Yes,5,Entrance/Exit Ramp Related,1,Not an Intersection,0,None,,,4,On Roadside,1,Daylight,,,,,10,Cloudy,0,No,0000000,Not Applicable,8,8:00am-8:59am,13,13,8,8:00am-8:59am,19,19,88,"Not Applicable (Not Transported) ",88,Not Applicable (Not Transported),,,,,,,1,0
2020,2,20017,Alaska,2,2,0,0,0,3,3,170,MATANUSKA-SUSITNA (170),2790,WASILLA,16,16,6,June,2020,3,Tuesday,16,4:00pm-4:59pm,51,51,0,This section IS NOT on the NHS,2,Urban,4,Minor Arterial,1,State Highway Agency,8,Other,WASILLA FISHHOOK RD,BRIDLE PATH DR,19,19,61.60621944,61.60621944,-149.412705560,-149.412705560,0,No Special Jurisdiction,12,Motor Vehicle In-Transport,6,Angle,0,No,2,Intersection,3,T-Intersection,0,None,,,1,On Roadway,1,Daylight,,,,,1,Clear,0,No,0000000,Not Applicable,16,4:00pm-4:59pm,52,52,16,4:00pm-4:59pm,58,58,88,"Not Applicable (Not Transported) ",88,Not Applicable (Not Transported),,,,,,,1,1
2020,2,20018,Alaska,1,1,0,0,0,1,1,180,NOME (180),0,NOT APPLICABLE,20,20,6,June,2020,7,Saturday,12,12:00pm-12:59pm,23,23,0,This section IS NOT on the NHS,1,Rural,5,Major Collector,1,State Highway Agency,8,Other,KOUGAROK RD,,158,158,64.62265833,64.62265833,-165.304602780,-165.304602780,0,No Special Jurisdiction,1,Rollover/Overturn,0,The First Harmful Event was Not a Collision with a Motor Vehicle in Transport,0,No,1,Non-Junction,1,Not an Intersection,0,None,,,4,On Roadside,1,Daylight,,,,,1,Clear,0,No,0000000,Not Applicable,99,Unknown,98,Unknown if Notified,99,Unknown EMS Scene Arrival Hour,98,Unknown if Arrived,88,"Not Applicable (Not Transported) ",88,Not Applicable (Not Transported),,,,,,,1,0
2020,2,20019,Alaska,3,3,0,0,0,9,9,20,ANCHORAGE (20),850,GIRDWOOD,22,22,6,June,2020,2,Monday,14,2:00pm-2:59pm,53,53,1,This section IS ON the NHS,2,Urban,1,Interstate,1,State Highway Agency,3,State Highway,SR-1 SEWARD HWY,,801,801,60.84864444,60.84864444,-148.995097220,-148.995097220,0,No Special Jurisdiction,12,Motor Vehicle In-Transport,99,Reported as Unknown,0,No,1,Non-Junction,1,Not an Intersection,0,None,,,1,On Roadway,1,Daylight,,,,,10,Cloudy,0,No,0000000,Not Applicable,14,2:00pm-2:59pm,52,52,15,3:00pm-3:59pm,7,7,16,4:00pm-4:59pm,15,15,,,,,,,2,0
2020,2,20020,Alaska,1,1,0,0,0,1,1,90,FAIRBANKS NORTH STAR (90),770,FAIRBANKS,24,24,6,June,2020,4,Wednesday,22,10:00pm-10:59pm,7,7,1,This section IS ON the NHS,2,Urban,1,Interstate,1,State Highway Agency,3,State Highway,SR-3 PARKS HWY,,3192,3192,64.83839167,64.83839167,-147.837602780,-147.837602780,0,No Special Jurisdiction,1,Rollover/Overturn,0,The First Harmful Event was Not a Collision with a Motor Vehicle in Transport,0,No,1,Non-Junction,1,Not an Intersection,0,None,,,3,On Median,1,Daylight,,,,,1,Clear,0,No,0000000,Not Applicable,22,10:00pm-10:59pm,8,8,22,10:00pm-10:59pm,13,13,88,"Not Applicable (Not Transported) ",88,Not Applicable (Not Transported),,,,,,,1,1
2020,2,20021,Alaska,2,2,0,0,0,6,6,90,FAIRBANKS NORTH STAR (90),2668,TWO RIVERS,15,15,7,July,2020,4,Wednesday,17,5:00pm-5:59pm,25,25,0,This section IS NOT on the NHS,1,Rural,5,Major Collector,1,State Highway Agency,8,Other,CHENA HOT SPRINGS RD,,176,176,64.86983056,64.86983056,-147.051997220,-147.051997220,0,No Special Jurisdiction,12,Motor Vehicle In-Transport,2,Front-to-Front,0,No,1,Non-Junction,1,Not an Intersection,0,None,,,1,On Roadway,1,Daylight,,,,,1,Clear,0,No,0000000,Not Applicable,17,5:00pm-5:59pm,24,24,17,5:00pm-5:59pm,45,45,18,6:00pm-6:59pm,51,51,,,,,,,2,0
2020,2,20022,Alaska,1,1,0,0,0,1,1,90,FAIRBANKS NORTH STAR (90),810,FOX,19,19,7,July,2020,1,Sunday,16,4:00pm-4:59pm,52,52,1,This section IS ON the NHS,1,Rural,3,Principal Arterial - Other,1,State Highway Agency,8,Other,ELLIOT HWY,,28,28,65.15336111,65.15336111,-147.932227780,-147.932227780,0,No Special Jurisdiction,24,Guardrail Face,0,The First Harmful Event was Not a Collision with a Motor Vehicle in Transport,0,No,1,Non-Junction,1,Not an Intersection,0,None,,,4,On Roadside,1,Daylight,,,,,1,Clear,0,No,0000000,Not Applicable,16,4:00pm-4:59pm,51,51,17,5:00pm-5:59pm,4,4,88,"Not Applicable (Not Transported) ",88,Not Applicable (Not Transported),,,,,,,1,0
2020,2,20023,Alaska,1,1,0,1,1,1,1,180,NOME (180),2450,STEBBINS,24,24,7,July,2020,6,Friday,13,1:00pm-1:59pm,10,10,0,This section IS NOT on the NHS,1,Rural,7,Local,4,City or Municipal Highway Agency,6,Local Street - Municipality,WINTER TRAIL RD,,0,None,63.51641944,63.51641944,-162.283575000,-162.283575000,0,No Special Jurisdiction,9,Pedalcyclist,0,The First Harmful Event was Not a Collision with a Motor Vehicle in Transport,0,No,1,Non-Junction,1,Not an Intersection,0,None,,,1,On Roadway,1,Daylight,,,,,10,Cloudy,0,No,0000000,Not Applicable,99,Unknown,99,Unknown,99,Unknown EMS Scene Arrival Hour,99,Unknown EMS Scene Arrival Minutes,99,Unknown,99,Unknown EMS Hospital Arrival Time,,,,,,,1,0
2020,2,20024,Alaska,1,1,0,0,0,4,4,195,PETERSBURG (195),0,NOT APPLICABLE,28,28,7,July,2020,3,Tuesday,99,Unknown Hours,99,Unknown Minutes,0,This section IS NOT on the NHS,1,Rural,7,Local,1,State Highway Agency,8,Other,MITKOF HWY,,250,250,56.54127778,56.54127778,-132.675241670,-132.675241670,0,No Special Jurisdiction,1,Rollover/Overturn,0,The First Harmful Event was Not a Collision with a Motor Vehicle in Transport,0,No,1,Non-Junction,1,Not an Intersection,0,None,,,4,On Roadside,5,Dusk,,,,,10,Cloudy,0,No,0000000,Not Applicable,88,Not Applicable (Not Notified),88,Not Applicable (Not Notified),88,Not Applicable,88,Not Applicable,88,"Not Applicable (Not Transported) ",88,Not Applicable (Not Transported),,,,,,,4,1
2020,2,20025,Alaska,2,2,0,0,0,3,3,170,MATANUSKA-SUSITNA (170),1030,HOUSTON,28,28,7,July,2020,3,Tuesday,19,7:00pm-7:59pm,38,38,1,This section IS ON the NHS,1,Rural,1,Interstate,1,State Highway Agency,3,State Highway,SR-3 PARKS HWY,,180,180,61.58579444,61.58579444,-149.746508330,-149.746508330,0,No Special Jurisdiction,12,Motor Vehicle In-Transport,2,Front-to-Front,0,No,1,Non-Junction,1,Not an Intersection,0,None,,,1,On Roadway,1,Daylight,,,,,1,Clear,0,No,0000000,Not Applicable,19,7:00pm-7:59pm,40,40,19,7:00pm-7:59pm,45,45,20,8:00pm-8:59pm,2,2,,,,,,,2,0
2020,2,20026,Alaska,1,1,0,2,2,1,1,290,YUKON-KOYUKUK (290),320,CENTRAL,1,1,8,August,2020,7,Saturday,5,5:00am-5:59am,50,50,0,This section IS NOT on the NHS,1,Rural,4,Minor Arterial,1,State Highway Agency,3,State Highway,SR-6 STEESE HWY,,1203,1203,65.57098333,65.57098333,-144.879319440,-144.879319440,0,No Special Jurisdiction,9,Pedalcyclist,0,The First Harmful Event was Not a Collision with a Motor Vehicle in Transport,0,No,1,Non-Junction,1,Not an Intersection,0,None,,,1,On Roadway,4,Dawn,,,,,1,Clear,0,No,0000000,Not Applicable,6,6:00am-6:59am,35,35,8,8:00am-8:59am,25,25,9,9:00am-9:59am,41,41,,,,,,,1,0
2020,2,20027,Alaska,2,2,0,0,0,4,4,90,FAIRBANKS NORTH STAR (90),9997,Other,23,23,8,August,2020,1,Sunday,8,8:00am-8:59am,34,34,1,This section IS ON the NHS,1,Rural,1,Interstate,1,State Highway Agency,3,State Highway,SR-3 PARKS HWY,,2957,2957,64.72533611,64.72533611,-148.461655560,-148.461655560,0,No Special Jurisdiction,12,Motor Vehicle In-Transport,1,Front-to-Rear,0,No,1,Non-Junction,1,Not an Intersection,0,None,,,1,On Roadway,1,Daylight,,,,,10,Cloudy,0,No,0000000,Not Applicable,8,8:00am-8:59am,33,33,8,8:00am-8:59am,57,57,9,9:00am-9:59am,51,51,,,,,,,1,1
2020,2,20028,Alaska,1,1,0,1,1,1,1,20,ANCHORAGE (20),130,ANCHORAGE,25,25,8,August,2020,3,Tuesday,6,6:00am-6:59am,21,21,1,This section IS ON the NHS,2,Urban,3,Principal Arterial - Other,1,State Highway Agency,8,Other,TUDOR RD,C ST,11,11,61.18070556,61.18070556,-149.885847220,-149.885847220,0,No Special Jurisdiction,8,Pedestrian,0,The First Harmful Event was Not a Collision with a Motor Vehicle in Transport,0,No,3,Intersection-Related,2,Four-Way Intersection,0,None,,,1,On Roadway,4,Dawn,,,,,2,Rain,0,No,0000000,Not Applicable,6,6:00am-6:59am,21,21,6,6:00am-6:59am,26,26,6,6:00am-6:59am,46,46,,,,,,,1,0
2020,2,20029,Alaska,2,2,0,0,0,5,5,170,MATANUSKA-SUSITNA (170),300,BODENBURG BUTTE,25,25,8,August,2020,3,Tuesday,16,4:00pm-4:59pm,43,43,0,This section IS NOT on the NHS,1,Rural,5,Major Collector,1,State Highway Agency,8,Other,OLD GLENN HWY,,151,151,61.59178333,61.59178333,-149.041822220,-149.041822220,0,No Special Jurisdiction,12,Motor Vehicle In-Transport,2,Front-to-Front,0,No,1,Non-Junction,1,Not an Intersection,0,None,,,1,On Roadway,1,Daylight,,,,,1,Clear,0,No,0000000,Not Applicable,16,4:00pm-4:59pm,45,45,16,4:00pm-4:59pm,56,56,18,6:00pm-6:59pm,5,5,,,,,,,1,0
2020,2,20030,Alaska,2,2,0,0,0,3,3,20,ANCHORAGE (20),611,EAGLE RIVER,27,27,8,August,2020,5,Thursday,17,5:00pm-5:59pm,1,1,0,This section IS NOT on the NHS,2,Urban,4,Minor Arterial,1,State Highway Agency,8,Other,EAGLE RIVER RD,,2,2,61.31611389,61.31611389,-149.570933330,-149.570933330,0,No Special Jurisdiction,12,Motor Vehicle In-Transport,2,Front-to-Front,0,No,4,Driveway Access,1,Not an Intersection,0,None,,,1,On Roadway,1,Daylight,,,,,10,Cloudy,0,No,0000000,Not Applicable,17,5:00pm-5:59pm,1,1,17,5:00pm-5:59pm,4,4,88,"Not Applicable (Not Transported) ",88,Not Applicable (Not Transported),,,,,,,1,0
2020,2,20031,Alaska,1,1,0,0,0,1,1,261,VALDEZ-CORDOVA (261),2638,TONSINA,30,30,8,August,2020,1,Sunday,99,Unknown Hours,99,Unknown Minutes,0,This section IS NOT on the NHS,1,Rural,4,Minor Arterial,1,State Highway Agency,8,Other,OLD EDGERTON HWY,,55,55,61.79428056,61.79428056,-145.069086110,-145.069086110,0,No Special Jurisdiction,1,Rollover/Overturn,0,The First Harmful Event was Not a Collision with a Motor Vehicle in Transport,0,No,1,Non-Junction,1,Not an Intersection,0,None,,,4,On Roadside,2,Dark - Not Lighted,,,,,99,Reported as Unknown,0,No,0000000,Not Applicable,8,8:00am-8:59am,52,52,9,9:00am-9:59am,2,2,88,"Not Applicable (Not Transported) ",88,Not Applicable (Not Transported),,,,,,,1,1
2020,2,20032,Alaska,1,1,0,0,0,1,1,20,ANCHORAGE (20),130,ANCHORAGE,3,3,9,September,2020,5,Thursday,6,6:00am-6:59am,45,45,1,This section IS ON the NHS,2,Urban,1,Interstate,1,State Highway Agency,3,State Highway,SR-1 GLENN HWY,,125,125,61.41245833,61.41245833,-149.433516670,-149.433516670,0,No Special Jurisdiction,1,Rollover/Overturn,0,The First Harmful Event was Not a Collision with a Motor Vehicle in Transport,0,No,1,Non-Junction,1,Not an Intersection,0,None,,,1,On Roadway,4,Dawn,,,,,10,Cloudy,0,No,0000000,Not Applicable,6,6:00am-6:59am,45,45,6,6:00am-6:59am,51,51,88,"Not Applicable (Not Transported) ",88,Not Applicable (Not Transported),,,,,,,1,0
2020,2,20033,Alaska,1,1,0,0,0,2,2,90,FAIRBANKS NORTH STAR (90),770,FAIRBANKS,5,5,9,September,2020,7,Saturday,3,3:00am-3:59am,38,38,1,This section IS ON the NHS,2,Urban,3,Principal Arterial - Other,1,State Highway Agency,8,Other,GEIST ROAD,CHENA RIDGE ROAD,17,17,64.84630556,64.84630556,-147.870777780,-147.870777780,0,No Special Jurisdiction,30,Utility Pole/Light Support,0,The First Harmful Event was Not a Collision with a Motor Vehicle in Transport,0,No,3,Intersection-Related,2,Four-Way Intersection,0,None,,,4,On Roadside,3,Dark - Lighted,,,,,2,Rain,0,No,0000000,Not Applicable,3,3:00am-3:59am,43,43,4,4:00am-4:59am,0,0,4,4:00am-4:59am,51,51,,,,,,,1,1
2020,2,20034,Alaska,2,2,0,0,0,6,6,198,PRINCE OF WALES-HYDER CA (198),0,NOT APPLICABLE,11,11,9,September,2020,6,Friday,8,8:00am-8:59am,29,29,0,This section IS NOT on the NHS,1,Rural,5,Major Collector,1,State Highway Agency,8,Other,THORNE BAY RD,,94,94,55.68897222,55.68897222,-132.672477780,-132.672477780,0,No Special Jurisdiction,12,Motor Vehicle In-Transport,2,Front-to-Front,0,No,1,Non-Junction,1,Not an Intersection,0,None,,,1,On Roadway,1,Daylight,,,,,1,Clear,0,No,0000000,Not Applicable,99,Unknown,99,Unknown,99,Unknown EMS Scene Arrival Hour,99,Unknown EMS Scene Arrival Minutes,99,Unknown,99,Unknown EMS Hospital Arrival Time,,,,,,,2,0