caseyear,state,st_case,statename,ve_total,ve_forms,pvh_invl,peds,pernotmvit,permvit,persons,county,countyname,city,cityname,day,dayname,month,monthname,year,day_week,day_weekname,hour,hourname,minute,minutename,nhs,nhsname,rur_urb,rur_urbname,func_sys,func_sysname,rd_owner,rd_ownername,route,routename,tway_id,tway_id2,milept,mileptname,latitude,latitudename,longitud,longitudname,sp_jur,sp_jurname,harm_ev,harm_evname,man_coll,man_collname,reljct1,reljct1name,reljct2,reljct2name,typ_int,typ_intname,wrk_zone,wrk_zonename,road_fnc,road_fncname,rel_road,rel_roadname,lgt_cond,lgt_condname,weather1,weather1name,weather2,weather2name,weather,weathername,sch_bus,sch_busname,rail,railname,not_hour,not_hourname,not_min,not_minname,arr_hour,arr_hourname,arr_min,arr_minname,hosp_hr,hosp_hrname,hosp_mn,hosp_mnname,cf1,cf1name,cf2,cf2name,cf3,cf3name,fatals,drunk_dr
2021,2,20055,Alaska,2,2,0,0,0,2,2,170,MATANUSKA-SUSITNA (170),2790,WASILLA,3,3,12,December,2021,6,Friday,17,5:00pm-5:59pm,30,30,1,This section IS ON the NHS,2,Urban,3,Principal Arterial - Other,1,State Highway Agency,9,Unknown,PALMER WASILLA HWY,,86,86,61.58514444,61.58514444,-149.368861110,-149.368861110,0,No Special Jurisdiction,12,Motor Vehicle In-Transport,2,Front-to-Front,0,No,1,Non-Junction,1,Not an Intersection,0,None,,,1,On Roadway,2,Dark - Not Lighted,,,,,1,Clear,0,No,0000000,Not Applicable,17,5:00pm-5:59pm,34,34,17,5:00pm-5:59pm,43,43,18,6:00pm-6:59pm,8,8,,,,,,,1,
2021,2,20056,Alaska,1,1,0,0,0,1,1,122,KENAI PENINSULA (122),1230,KASILOF,23,23,11,November,2021,3,Tuesday,18,6:00pm-6:59pm,50,50,1,This section IS ON the NHS,1,Rural,1,Interstate,1,State Highway Agency,3,State Highway,SR-1 STERLING HWY,,759,759,60.25947778,60.25947778,-151.334819440,-151.334819440,0,No Special Jurisdiction,34,Ditch,0,The First Harmful Event was Not a Collision with a Motor Vehicle in Transport,0,No,1,Non-Junction,1,Not an Intersection,0,None,,,4,On Roadside,2,Dark - Not Lighted,,,,,4,Snow,0,No,0000000,Not Applicable,18,6:00pm-6:59pm,33,33,18,6:00pm-6:59pm,51,51,19,7:00pm-7:59pm,25,25,,,,,,,1,
2021,2,20057,Alaska,3,3,0,0,0,3,3,20,ANCHORAGE (20),130,ANCHORAGE,9,9,12,December,2021,5,Thursday,9,9:00am-9:59am,33,33,1,This section IS ON the NHS,2,Urban,3,Principal Arterial - Other,1,State Highway Agency,9,Unknown,"TUDOR RD ",KINGSTON DR,53,53,61.18083056,61.18083056,-149.760366670,-149.760366670,0,No Special Jurisdiction,12,Motor Vehicle In-Transport,6,Angle,0,No,2,Intersection,3,T-Intersection,0,None,,,1,On Roadway,3,Dark - Lighted,,,,,4,Snow,0,No,0000000,Not Applicable,9,9:00am-9:59am,34,34,9,9:00am-9:59am,41,41,9,9:00am-9:59am,52,52,,,,,,,1,
2021,2,20058,Alaska,2,2,0,0,0,3,3,170,MATANUSKA-SUSITNA (170),1030,HOUSTON,17,17,12,December,2021,6,Friday,11,11:00am-11:59am,28,28,1,This section IS ON the NHS,1,Rural,1,Interstate,1,State Highway Agency,3,State Highway,SR-3 PARKS HWY,,197,197,61.60774444,61.60774444,-149.762402780,-149.762402780,0,No Special Jurisdiction,12,Motor Vehicle In-Transport,2,Front-to-Front,0,No,1,Non-Junction,1,Not an Intersection,0,None,,,1,On Roadway,1,Daylight,,,,,10,Cloudy,0,No,0000000,Not Applicable,11,11:00am-11:59am,33,33,11,11:00am-11:59am,47,47,12,12:00pm-12:59pm,29,29,,,,,,,1,
2021,2,20059,Alaska,1,1,0,0,0,4,4,122,KENAI PENINSULA (122),980,HOMER,21,21,12,December,2021,3,Tuesday,22,10:00pm-10:59pm,3,3,1,This section IS ON the NHS,1,Rural,3,Principal Arterial - Other,1,State Highway Agency,3,State Highway,SR-1 STERLING HWY,,1318,1318,59.64213889,59.64213889,-151.553530560,-151.553530560,0,No Special Jurisdiction,1,Rollover/Overturn,0,The First Harmful Event was Not a Collision with a Motor Vehicle in Transport,0,No,1,Non-Junction,1,Not an Intersection,0,None,,,4,On Roadside,3,Dark - Lighted,,,,,1,Clear,0,No,0000000,Not Applicable,22,10:00pm-10:59pm,6,6,22,10:00pm-10:59pm,14,14,22,10:00pm-10:59pm,31,31,,,,,,,1,
2021,2,20061,Alaska,1,1,0,0,0,1,1,180,NOME (180),1870,NOME,4,4,7,July,2021,1,Sunday,99,Unknown Hours,99,Unknown Minutes,0,This section IS NOT on the NHS,1,Rural,5,Major Collector,1,State Highway Agency,9,Unknown,LITTLE CREEK RD,,1,1,64.50751944,64.50751944,-165.409736110,-165.409736110,0,No Special Jurisdiction,31,"Post, Pole or Other Supports",0,The First Harmful Event was Not a Collision with a Motor Vehicle in Transport,0,No,1,Non-Junction,1,Not an Intersection,0,None,,,4,On Roadside,1,Daylight,,,,,2,Rain,0,No,0000000,Not Applicable,18,6:00pm-6:59pm,35,35,18,6:00pm-6:59pm,44,44,88,"Not Applicable (Not Transported) ",88,Not Applicable (Not Transported),,,,,,,1,
2021,2,20062,Alaska,1,1,0,0,0,1,1,170,MATANUSKA-SUSITNA (170),2790,WASILLA,18,18,6,June,2021,6,Friday,0,0:00am-0:59am,29,29,0,This section IS NOT on the NHS,2,Urban,7,Local,4,City or Municipal Highway Agency,9,Unknown,CLAPP ST,,17,17,61.56916667,61.56916667,-149.526305560,-149.526305560,0,No Special Jurisdiction,24,Guardrail Face,0,The First Harmful Event was Not a Collision with a Motor Vehicle in Transport,0,No,1,Non-Junction,1,Not an Intersection,0,None,,,4,On Roadside,5,Dusk,,,,,1,Clear,0,No,0000000,Not Applicable,0,0:00am-0:59am,33,33,0,0:00am-0:59am,38,38,88,"Not Applicable (Not Transported) ",88,Not Applicable (Not Transported),,,,,,,1,
2021,2,20063,Alaska,1,1,0,1,1,1,1,20,ANCHORAGE (20),130,ANCHORAGE,29,29,12,December,2021,4,Wednesday,9,9:00am-9:59am,31,31,0,This section IS NOT on the NHS,2,Urban,7,Local,2,County Highway Agency,8,Other,BLISS ST,,0,None,61.22718333,61.22718333,-149.795213890,-149.795213890,0,No Special Jurisdiction,8,Pedestrian,0,The First Harmful Event was Not a Collision with a Motor Vehicle in Transport,0,No,8,Driveway Access Related,1,Not an Intersection,0,None,,,1,On Roadway,1,Daylight,,,,,1,Clear,0,No,0000000,Not Applicable,9,9:00am-9:59am,46,46,9,9:00am-9:59am,52,52,88,"Not Applicable (Not Transported) ",88,Not Applicable (Not Transported),,,,,,,1,
2022,2,20001,Alaska,1,1,0,1,1,4,4,170,MATANUSKA-SUSITNA (170),2790,WASILLA,5,5,1,January,2022,4,Wednesday,21,9:00pm-9:59pm,18,18,0,This section IS NOT on the NHS,2,Urban,5,Major Collector,1,State Highway Agency,9,Unknown,FIREWEED RD,,33,33,61.56800556,61.56800556,-149.321680560,-149.32168056,0,No Special Jurisdiction,8,Pedestrian,0,The First Harmful Event was Not a Collision with a Motor Vehicle in Transport,0,No,1,Non-Junction,1,Not an Intersection,0,None,,,1,On Roadway,2,Dark - Not Lighted,,,,,1,Clear,0,No,0000000,Not Applicable,21,9:00pm-9:59pm,20,20,21,9:00pm-9:59pm,24,24,88,"Not Applicable (Not Transported) ",88,Not Applicable (Not Transported),,,,,,,1,
2022,2,20002,Alaska,2,2,0,0,0,3,3,20,ANCHORAGE (20),130,ANCHORAGE,11,11,1,January,2022,3,Tuesday,17,5:00pm-5:59pm,9,9,1,This section IS ON the NHS,2,Urban,3,Principal Arterial - Other,1,State Highway Agency,8,Other,DEBARR RD,PINE ST,15,15,61.20974722,61.20974722,-149.793519440,-149.79351944,0,No Special Jurisdiction,12,Motor Vehicle In-Transport,6,Angle,0,No,2,Intersection,2,Four-Way Intersection,0,None,,,1,On Roadway,3,Dark - Lighted,,,,,1,Clear,0,No,0000000,Not Applicable,17,5:00pm-5:59pm,10,10,17,5:00pm-5:59pm,16,16,17,5:00pm-5:59pm,45,45,,,,,,,1,
2022,2,20003,Alaska,2,2,0,0,0,2,2,170,MATANUSKA-SUSITNA (170),2790,WASILLA,25,25,1,January,2022,3,Tuesday,17,5:00pm-5:59pm,42,42,1,This section IS ON the NHS,1,Rural,1,Interstate,1,State Highway Agency,3,State Highway,SR-3 PARKS HWY,POTTER RD,154,154,61.56982500,61.56982500,-149.677963890,-149.67796389,0,No Special Jurisdiction,12,Motor Vehicle In-Transport,6,Angle,0,No,2,Intersection,3,T-Intersection,0,None,,,1,On Roadway,2,Dark - Not Lighted,,,,,1,Clear,0,No,0000000,Not Applicable,17,5:00pm-5:59pm,46,46,17,5:00pm-5:59pm,49,49,88,"Not Applicable (Not Transported) ",88,Not Applicable (Not Transported),,,,,,,1,
2022,2,20004,Alaska,2,2,0,0,0,3,3,122,KENAI PENINSULA (122),0,NOT APPLICABLE,26,26,1,January,2022,4,Wednesday,16,4:00pm-4:59pm,44,44,1,This section IS ON the NHS,1,Rural,1,Interstate,1,State Highway Agency,3,State Highway,SR-1 SEWARD HWY,,706,706,60.81954444,60.81954444,-149.149030560,-149.14903056,0,No Special Jurisdiction,12,Motor Vehicle In-Transport,6,Angle,0,No,1,Non-Junction,1,Not an Intersection,0,None,,,1,On Roadway,5,Dusk,,,,,4,Snow,0,No,0000000,Not Applicable,16,4:00pm-4:59pm,46,46,17,5:00pm-5:59pm,5,5,18,6:00pm-6:59pm,45,45,,,,,,,1,
2022,2,20005,Alaska,3,3,0,0,0,6,6,261,VALDEZ-CORDOVA (261),2638,TONSINA,27,27,1,January,2022,5,Thursday,13,1:00pm-1:59pm,50,50,1,This section IS ON the NHS,1,Rural,3,Principal Arterial - Other,1,State Highway Agency,8,Other,RICHARDSON HWY,,846,846,61.68305000,61.68305000,-145.168969440,-145.16896944,0,No Special Jurisdiction,12,Motor Vehicle In-Transport,2,Front-to-Front,0,No,1,Non-Junction,1,Not an Intersection,0,None,,,1,On Roadway,1,Daylight,,,,,4,Snow,0,No,0000000,Not Applicable,13,1:00pm-1:59pm,51,51,14,2:00pm-2:59pm,33,33,17,5:00pm-5:59pm,3,3,,,,,,,1,
2022,2,20006,Alaska,2,2,0,0,0,2,2,170,MATANUSKA-SUSITNA (170),300,BODENBURG BUTTE,25,25,2,February,2022,6,Friday,15,3:00pm-3:59pm,53,53,0,This section IS NOT on the NHS,1,Rural,5,Major Collector,1,State Highway Agency,8,Other,OLD GLENN HWY,,127,127,61.55684722,61.55684722,-149.040058330,-149.04005833,0,No Special Jurisdiction,12,Motor Vehicle In-Transport,2,Front-to-Front,0,No,1,Non-Junction,1,Not an Intersection,0,None,,,1,On Roadway,1,Daylight,,,,,1,Clear,0,No,0000000,Not Applicable,15,3:00pm-3:59pm,53,53,16,4:00pm-4:59pm,4,4,16,4:00pm-4:59pm,42,42,,,,,,,1,
2022,2,20007,Alaska,2,2,0,0,0,4,4,122,KENAI PENINSULA (122),2455,STERLING,22,22,2,February,2022,3,Tuesday,11,11:00am-11:59am,23,23,1,This section IS ON the NHS,1,Rural,1,Interstate,1,State Highway Agency,8,Other,STERLING HWY,,488,488,60.53673056,60.53673056,-150.849986110,-150.84998611,0,No Special Jurisdiction,12,Motor Vehicle In-Transport,6,Angle,0,No,1,Non-Junction,1,Not an Intersection,0,None,,,1,On Roadway,1,Daylight,,,,,1,Clear,0,No,0000000,Not Applicable,11,11:00am-11:59am,25,25,11,11:00am-11:59am,29,29,11,11:00am-11:59am,52,52,,,,,,,2,
2022,2,20008,Alaska,2,2,0,0,0,4,4,90,FAIRBANKS NORTH STAR (90),0,NOT APPLICABLE,2,2,3,March,2022,4,Wednesday,8,8:00am-8:59am,39,39,1,This section IS ON the NHS,1,Rural,1,Interstate,1,State Highway Agency,3,State Highway,SR-2 RICHARDSON HWY,,2973,2973,64.28589444,64.28589444,-146.343252780,-146.34325278,0,No Special Jurisdiction,48,Snow Bank,0,The First Harmful Event was Not a Collision with a Motor Vehicle in Transport,0,No,1,Non-Junction,1,Not an Intersection,0,None,,,1,On Roadway,1,Daylight,,,,,10,Cloudy,0,No,0000000,Not Applicable,8,8:00am-8:59am,43,43,9,9:00am-9:59am,27,27,11,11:00am-11:59am,16,16,,,,,,,1,
2022,2,20009,Alaska,1,1,0,1,1,1,1,20,ANCHORAGE (20),130,ANCHORAGE,4,4,3,March,2022,6,Friday,22,10:00pm-10:59pm,50,50,1,This section IS ON the NHS,2,Urban,1,Interstate,1,State Highway Agency,3,State Highway,SR-3 GAMBELL ST,,99998,Not Reported,61.21178333,61.21178333,-149.870986110,-149.87098611,0,No Special Jurisdiction,8,Pedestrian,0,The First Harmful Event was Not a Collision with a Motor Vehicle in Transport,0,No,1,Non-Junction,1,Not an Intersection,0,None,,,1,On Roadway,3,Dark - Lighted,,,,,10,Cloudy,0,No,0000000,Not Applicable,22,10:00pm-10:59pm,99,Unknown,22,10:00pm-10:59pm,99,Unknown EMS Scene Arrival Minutes,88,"Not Applicable (Not Transported) ",88,Not Applicable (Not Transported),,,,,,,1,
2022,2,20010,Alaska,1,1,0,1,1,2,2,20,ANCHORAGE (20),130,ANCHORAGE,19,19,3,March,2022,7,Saturday,1,1:00am-1:59am,57,57,1,This section IS ON the NHS,2,Urban,1,Interstate,1,State Highway Agency,3,State Highway,SR-A1 E 5TH AVE,KARLUK ST,99998,Not Reported,61.21755833,61.21755833,-149.863094440,-149.86309444,0,No Special Jurisdiction,8,Pedestrian,0,The First Harmful Event was Not a Collision with a Motor Vehicle in Transport,0,No,3,Intersection-Related,3,T-Intersection,0,None,,,1,On Roadway,3,Dark - Lighted,,,,,10,Cloudy,0,No,0000000,Not Applicable,99,Unknown,99,Unknown,99,Unknown EMS Scene Arrival Hour,99,Unknown EMS Scene Arrival Minutes,88,"Not Applicable (Not Transported) ",88,Not Applicable (Not Transported),,,,,,,1,
2022,2,20011,Alaska,1,1,0,1,1,1,1,20,ANCHORAGE (20),130,ANCHORAGE,24,24,3,March,2022,5,Thursday,22,10:00pm-10:59pm,46,46,1,This section IS ON the NHS,2,Urban,3,Principal Arterial - Other,1,State Highway Agency,8,Other,E NORTHERN LIGHTS BLVD,,99998,Not Reported,61.19530833,61.19530833,-149.874372220,-149.87437222,0,No Special Jurisdiction,8,Pedestrian,0,The First Harmful Event was Not a Collision with a Motor Vehicle in Transport,0,No,1,Non-Junction,1,Not an Intersection,0,None,,,1,On Roadway,2,Dark - Not Lighted,,,,,1,Clear,0,No,0000000,Not Applicable,99,Unknown,99,Unknown,99,Unknown EMS Scene Arrival Hour,99,Unknown EMS Scene Arrival Minutes,88,"Not Applicable (Not Transported) ",88,Not Applicable (Not Transported),,,,,,,1,
2022,2,20012,Alaska,2,2,0,0,0,3,3,122,KENAI PENINSULA (122),1230,KASILOF,27,27,3,March,2022,1,Sunday,99,Unknown Hours,99,Unknown Minutes,0,This section IS NOT on the NHS,1,Rural,6,Minor Collector,1,State Highway Agency,8,Other,COHOE LOOP RD,,109,109,60.35459167,60.35459167,-151.319591670,-151.31959167,0,No Special Jurisdiction,12,Motor Vehicle In-Transport,2,Front-to-Front,0,No,1,Non-Junction,1,Not an Intersection,0,None,,,1,On Roadway,1,Daylight,,,,,10,Cloudy,0,No,0000000,Not Applicable,99,Unknown,99,Unknown,99,Unknown EMS Scene Arrival Hour,99,Unknown EMS Scene Arrival Minutes,99,Unknown,99,Unknown EMS Hospital Arrival Time,,,,,,,2,
2022,2,20013,Alaska,1,1,0,0,0,1,1,170,MATANUSKA-SUSITNA (170),2000,PALMER,17,17,4,April,2022,1,Sunday,0,0:00am-0:59am,19,19,1,This section IS ON the NHS,1,Rural,1,Interstate,1,State Highway Agency,3,State Highway,SR-1 GLENN HWY,,297,297,61.49824722,61.49824722,-149.243727780,-149.24372778,0,No Special Jurisdiction,30,Utility Pole/Light Support,0,The First Harmful Event was Not a Collision with a Motor Vehicle in Transport,0,No,1,Non-Junction,1,Not an Intersection,0,None,,,4,On Roadside,3,Dark - Lighted,,,,,10,Cloudy,0,No,0000000,Not Applicable,0,0:00am-0:59am,99,Unknown,0,0:00am-0:59am,99,Unknown EMS Scene Arrival Minutes,88,"Not Applicable (Not Transported) ",88,Not Applicable (Not Transported),,,,,,,1,
2022,2,20014,Alaska,1,1,0,0,0,1,1,122,KENAI PENINSULA (122),980,HOMER,23,23,4,April,2022,7,Saturday,0,0:00am-0:59am,38,38,0,This section IS NOT on the NHS,1,Rural,5,Major Collector,1,State Highway Agency,8,Other,EAST END RD,,98,98,59.71880833,59.71880833,-151.298158330,-151.29815833,0,No Special Jurisdiction,30,Utility Pole/Light Support,0,The First Harmful Event was Not a Collision with a Motor Vehicle in Transport,0,No,1,Non-Junction,1,Not an Intersection,0,None,,,4,On Roadside,2,Dark - Not Lighted,,,,,2,Rain,0,No,0000000,Not Applicable,7,7:00am-7:59am,9,9,7,7:00am-7:59am,21,21,88,"Not Applicable (Not Transported) ",88,Not Applicable (Not Transported),,,,,,,1,
2022,2,20015,Alaska,3,3,0,0,0,5,5,170,MATANUSKA-SUSITNA (170),2000,PALMER,29,29,4,April,2022,6,Friday,8,8:00am-8:59am,17,17,0,This section IS NOT on the NHS,2,Urban,4,Minor Arterial,1,State Highway Agency,8,Other,BOGARD RD,,68,68,61.61389722,61.61389722,-149.322761110,-149.32276111,0,No Special Jurisdiction,12,Motor Vehicle In-Transport,1,Front-to-Rear,0,No,1,Non-Junction,1,Not an Intersection,0,None,,,1,On Roadway,1,Daylight,,,,,1,Clear,0,No,0000000,Not Applicable,8,8:00am-8:59am,22,22,8,8:00am-8:59am,33,33,8,8:00am-8:59am,55,55,,,,,,,1,
2022,2,20016,Alaska,1,1,0,0,0,5,5,282,YAKUTAT CITY AND BOR (282),2860,YAKUTAT,30,30,4,April,2022,7,Saturday,22,10:00pm-10:59pm,0,0,0,This section IS NOT on the NHS,1,Rural,6,Minor Collector,1,State Highway Agency,8,Other,NF-10,,99998,Not Reported,59.54571667,59.54571667,-139.725075000,-139.72507500,0,No Special Jurisdiction,42,Tree (Standing Only),0,The First Harmful Event was Not a Collision with a Motor Vehicle in Transport,0,No,1,Non-Junction,1,Not an Intersection,0,None,,,4,On Roadside,2,Dark - Not Lighted,,,,,10,Cloudy,0,No,0000000,Not Applicable,99,Unknown,99,Unknown,99,Unknown EMS Scene Arrival Hour,99,Unknown EMS Scene Arrival Minutes,99,Unknown,99,Unknown EMS Hospital Arrival Time,,,,,,,1,
2022,2,20017,Alaska,2,2,0,0,0,3,3,170,MATANUSKA-SUSITNA (170),2823,WILLOW,9,9,5,May,2022,2,Monday,5,5:00am-5:59am,47,47,1,This section IS ON the NHS,1,Rural,1,Interstate,1,State Highway Agency,3,State Highway,SR-3 PARKS HWY,,326,326,61.72018611,61.72018611,-150.038277780,-150.03827778,0,No Special Jurisdiction,12,Motor Vehicle In-Transport,2,Front-to-Front,0,No,1,Non-Junction,1,Not an Intersection,0,None,,,1,On Roadway,1,Daylight,,,,,1,Clear,0,No,0000000,Not Applicable,5,5:00am-5:59am,51,51,6,6:00am-6:59am,9,9,7,7:00am-7:59am,25,25,,,,,,,1,
2022,2,20018,Alaska,1,1,0,0,0,1,1,20,ANCHORAGE (20),130,ANCHORAGE,9,9,5,May,2022,2,Monday,12,12:00pm-12:59pm,51,51,1,This section IS ON the NHS,2,Urban,1,Interstate,1,State Highway Agency,3,State Highway,SR-1 GLENN HWY,,99998,Not Reported,61.36677222,61.36677222,-149.534569440,-149.53456944,0,No Special Jurisdiction,24,Guardrail Face,0,The First Harmful Event was Not a Collision with a Motor Vehicle in Transport,1,Yes,19,Other location within Interchange Area,1,Not an Intersection,0,None,,,3,On Median,1,Daylight,,,,,1,Clear,0,No,0000000,Not Applicable,99,Unknown,99,Unknown,99,Unknown EMS Scene Arrival Hour,99,Unknown EMS Scene Arrival Minutes,88,"Not Applicable (Not Transported) ",88,Not Applicable (Not Transported),,,,,,,1,
2022,2,20019,Alaska,5,5,0,0,0,8,8,20,ANCHORAGE (20),130,ANCHORAGE,13,13,5,May,2022,6,Friday,17,5:00pm-5:59pm,52,52,1,This section IS ON the NHS,2,Urban,1,Interstate,1,State Highway Agency,3,State Highway,SR-1 GLENN HWY,,99998,Not Reported,61.22514167,61.22514167,-149.744097220,-149.74409722,0,No Special Jurisdiction,1,Rollover/Overturn,0,The First Harmful Event was Not a Collision with a Motor Vehicle in Transport,1,Yes,19,Other location within Interchange Area,1,Not an Intersection,0,None,,,4,On Roadside,1,Daylight,,,,,1,Clear,0,No,0000000,Not Applicable,17,5:00pm-5:59pm,54,54,17,5:00pm-5:59pm,59,59,18,6:00pm-6:59pm,20,20,,,,,,,2,
2022,2,20020,Alaska,2,2,0,0,0,3,3,90,FAIRBANKS NORTH STAR (90),770,FAIRBANKS,18,18,5,May,2022,4,Wednesday,14,2:00pm-2:59pm,38,38,1,This section IS ON the NHS,2,Urban,3,Principal Arterial - Other,1,State Highway Agency,8,Other,AIRPORT WAY,UNIVERSITY AVE,99998,Not Reported,64.83669167,64.83669167,-147.812438890,-147.81243889,0,No Special Jurisdiction,12,Motor Vehicle In-Transport,6,Angle,0,No,2,Intersection,2,Four-Way Intersection,0,None,,,1,On Roadway,1,Daylight,,,,,1,Clear,0,No,0000000,Not Applicable,14,2:00pm-2:59pm,39,39,14,2:00pm-2:59pm,42,42,15,3:00pm-3:59pm,8,8,,,,,,,1,
2022,2,20021,Alaska,1,1,0,0,0,1,1,90,FAIRBANKS NORTH STAR (90),810,FOX,19,19,5,May,2022,5,Thursday,11,11:00am-11:59am,47,47,1,This section IS ON the NHS,1,Rural,3,Principal Arterial - Other,1,State Highway Agency,3,State Highway,SR-2 ELLIOT HWY,,30,30,64.99728333,64.99728333,-147.640158330,-147.64015833,0,No Special Jurisdiction,24,Guardrail Face,0,The First Harmful Event was Not a Collision with a Motor Vehicle in Transport,0,No,1,Non-Junction,1,Not an Intersection,0,None,,,4,On Roadside,1,Daylight,,,,,1,Clear,0,No,0000000,Not Applicable,88,Not Applicable (Not Notified),88,Not Applicable (Not Notified),88,Not Applicable,88,Not Applicable,88,"Not Applicable (Not Transported) ",88,Not Applicable (Not Transported),,,,,,,1,
2022,2,20022,Alaska,1,1,0,0,0,1,1,170,MATANUSKA-SUSITNA (170),2500,TALKEETNA,24,24,5,May,2022,3,Tuesday,99,Unknown Hours,99,Unknown Minutes,0,This section IS NOT on the NHS,1,Rural,5,Major Collector,1,State Highway Agency,8,Other,TALKEETNA SPUR RD,,29,29,62.17413056,62.17413056,-150.029680560,-150.02968056,0,No Special Jurisdiction,35,Embankment,0,The First Harmful Event was Not a Collision with a Motor Vehicle in Transport,0,No,1,Non-Junction,1,Not an Intersection,0,None,,,4,On Roadside,2,Dark - Not Lighted,,,,,10,Cloudy,0,No,0000000,Not Applicable,1,1:00am-1:59am,52,52,2,2:00am-2:59am,0,0,88,"Not Applicable (Not Transported) ",88,Not Applicable (Not Transported),,,,,,,1,
2022,2,20023,Alaska,2,2,0,0,0,2,2,20,ANCHORAGE (20),434,CHUGIAK,29,29,5,May,2022,1,Sunday,13,1:00pm-1:59pm,32,32,1,This section IS ON the NHS,2,Urban,1,Interstate,1,State Highway Agency,3,State Highway,SR-1 GLENN HWY,,99998,Not Reported,61.37252778,61.37252778,-149.530325000,-149.53032500,0,No Special Jurisdiction,12,Motor Vehicle In-Transport,6,Angle,0,No,1,Non-Junction,1,Not an Intersection,0,None,,,1,On Roadway,1,Daylight,,,,,1,Clear,0,No,0000000,Not Applicable,13,1:00pm-1:59pm,34,34,13,1:00pm-1:59pm,43,43,14,2:00pm-2:59pm,29,29,,,,,,,1,
2022,2,20024,Alaska,1,1,0,1,1,5,5,20,ANCHORAGE (20),130,ANCHORAGE,30,30,5,May,2022,2,Monday,2,2:00am-2:59am,30,30,1,This section IS ON the NHS,1,Rural,1,Interstate,1,State Highway Agency,3,State Highway,SR-1 SEWARD HWY,STELLAR JAY LN,1010,1010,60.97027222,60.97027222,-149.451761110,-149.45176111,0,No Special Jurisdiction,8,Pedestrian,0,The First Harmful Event was Not a Collision with a Motor Vehicle in Transport,0,No,2,Intersection,3,T-Intersection,0,None,,,1,On Roadway,2,Dark - Not Lighted,,,,,1,Clear,0,No,0000000,Not Applicable,2,2:00am-2:59am,99,Unknown,2,2:00am-2:59am,99,Unknown EMS Scene Arrival Minutes,88,"Not Applicable (Not Transported) ",88,Not Applicable (Not Transported),,,,,,,1,
2022,2,20025,Alaska,2,2,0,0,0,4,4,122,KENAI PENINSULA (122),2300,SEWARD,30,30,5,May,2022,2,Monday,17,5:00pm-5:59pm,35,35,1,This section IS ON the NHS,1,Rural,3,Principal Arterial - Other,1,State Highway Agency,8,Other,SEWARD HWY,,73,73,60.19330000,60.19330000,-149.372858330,-149.37285833,0,No Special Jurisdiction,12,Motor Vehicle In-Transport,2,Front-to-Front,0,No,1,Non-Junction,1,Not an Intersection,0,None,,,1,On Roadway,1,Daylight,,,,,1,Clear,0,No,0000000,Not Applicable,17,5:00pm-5:59pm,38,38,17,5:00pm-5:59pm,48,48,99,Unknown,99,Unknown EMS Hospital Arrival Time,,,,,,,1,
2022,2,20026,Alaska,2,2,0,0,0,2,2,130,KETCHIKAN GATEWAY (130),1250,KETCHIKAN,4,4,6,June,2022,7,Saturday,14,2:00pm-2:59pm,37,37,0,This section IS NOT on the NHS,2,Urban,4,Minor Arterial,1,State Highway Agency,8,Other,NORTH TONGASS HWY,TOTEM BIGHT RD,75,75,55.42154167,55.42154167,-131.770938890,-131.77093889,0,No Special Jurisdiction,12,Motor Vehicle In-Transport,6,Angle,0,No,2,Intersection,3,T-Intersection,0,None,,,1,On Roadway,1,Daylight,,,,,1,Clear,0,No,0000000,Not Applicable,14,2:00pm-2:59pm,36,36,14,2:00pm-2:59pm,41,41,15,3:00pm-3:59pm,6,6,,,,,,,1,
2022,2,20027,Alaska,1,1,0,0,0,4,4,170,MATANUSKA-SUSITNA (170),2823,WILLOW,10,10,6,June,2022,6,Friday,9,9:00am-9:59am,30,30,1,This section IS ON the NHS,1,Rural,1,Interstate,1,State Highway Agency,3,State Highway,SR-3 PARKS HWY,,398,398,61.81587778,61.81587778,-150.092116670,-150.09211667,0,No Special Jurisdiction,1,Rollover/Overturn,0,The First Harmful Event was Not a Collision with a Motor Vehicle in Transport,0,No,1,Non-Junction,1,Not an Intersection,0,None,,,4,On Roadside,1,Daylight,,,,,1,Clear,0,No,0000000,Not Applicable,9,9:00am-9:59am,33,33,9,9:00am-9:59am,58,58,11,11:00am-11:59am,0,0,,,,,,,1,
2022,2,20028,Alaska,1,1,0,0,0,1,1,20,ANCHORAGE (20),130,ANCHORAGE,15,15,6,June,2022,4,Wednesday,23,11:00pm-11:59pm,12,12,1,This section IS ON the NHS,2,Urban,3,Principal Arterial - Other,2,County Highway Agency,8,Other,15TH AVE,,99998,Not Reported,61.20777778,61.20777778,-149.856477780,-149.85647778,0,No Special Jurisdiction,33,Curb,0,The First Harmful Event was Not a Collision with a Motor Vehicle in Transport,0,No,1,Non-Junction,1,Not an Intersection,0,None,,,4,On Roadside,5,Dusk,,,,,10,Cloudy,0,No,0000000,Not Applicable,23,11:00pm-11:59pm,13,13,23,11:00pm-11:59pm,18,18,88,"Not Applicable (Not Transported) ",88,Not Applicable (Not Transported),,,,,,,1,